{"cameraMode":{"drawMode":0,"name":"Shaded","section":"Shading Mode"},"sceneLighting":true,"audioPlay":false,"sceneViewState":{"m_AlwaysRefresh":false,"showFog":true,"showSkybox":true,"showFlares":true,"showImageEffects":true,"showParticleSystems":true,"showVisualEffectGraphs":true,"m_FxEnabled":true},"in2DMode":false,"pivot":{"x":0.09186945855617523,"y":-23.108760833740236,"z":-1145.2275390625},"rotation":{"x":0.0005296744056977332,"y":0.9993682503700256,"z":-0.011089260689914227,"w":0.03486228361725807},"size":578.3198852539063,"orthographic":false}