{"cameraMode":{"drawMode":0,"name":"Shaded","section":"Shading Mode"},"sceneLighting":false,"audioPlay":false,"sceneViewState":{"m_AlwaysRefresh":false,"showFog":true,"showSkybox":false,"showFlares":true,"showImageEffects":true,"showParticleSystems":true,"showVisualEffectGraphs":true,"m_FxEnabled":true},"in2DMode":false,"pivot":{"x":-30.579566955566408,"y":1.365520715713501,"z":-23.351409912109376},"rotation":{"x":0.027997976168990136,"y":-0.7511001825332642,"z":-0.03209096938371658,"w":-0.6588582992553711},"size":0.8660253882408142,"orthographic":false}